Model,Precision_macro,Precision_weighted,Precision_positive,Precision_negative,Recall_macro,Recall_weighted,Recall_positive,Recall_negative,F1_macro,F1_weighted,F1_positive,F1_negative,CohenKappa,MCC
gemma4-26b-q4,0.7891246241229536,0.7986481614996396,0.6684931506849315,0.9097560975609756,0.7680139372822299,0.7552631578947369,0.9295238095238095,0.6065040650406504,0.7527470605383344,0.7507779408681066,0.7776892430278884,0.7278048780487805,0.5211382113821139,0.5567384623912295
