Model,Precision_macro,Precision_weighted,Precision_positive,Precision_negative,Recall_macro,Recall_weighted,Recall_positive,Recall_negative,F1_macro,F1_weighted,F1_positive,F1_negative,CohenKappa,MCC
gemma4-26b-q4,0.8283661877714668,0.8446343221903742,0.8835616438356164,0.7731707317073171,0.8312704768838733,0.843859649122807,0.8739837398373984,0.7885572139303483,0.8297673856726755,0.8442033628654932,0.8787465940054496,0.7807881773399015,0.6595530501308637,0.6596302710324724
