Model,Precision_macro,Precision_weighted,Precision_positive,Precision_negative,Recall_macro,Recall_weighted,Recall_positive,Recall_negative,F1_macro,F1_weighted,F1_positive,F1_negative,CohenKappa,MCC
gemma4-26b-q4,0.7857437648161967,0.7967361213692506,0.6544021024967148,0.9170854271356784,0.7595316492137176,0.7446074201898188,0.9378531073446328,0.5812101910828026,0.7411994037381034,0.7387138579048974,0.7708978328173375,0.7115009746588694,0.502261891980512,0.5446450239753748
