Model,Precision_macro,Precision_weighted,Precision_positive,Precision_negative,Recall_macro,Recall_weighted,Recall_positive,Recall_negative,F1_macro,F1_weighted,F1_positive,F1_negative,CohenKappa,MCC
gemma4-26b-q4,0.8875256704019441,0.8817974821824484,0.8554533508541393,0.9195979899497487,0.8610277200191936,0.8774805867126834,0.9531478770131772,0.7689075630252101,0.8695953269902446,0.8753225156307527,0.9016620498614959,0.8375286041189931,0.7404419070449635,0.74808424454502
