Model,Precision_macro,Precision_weighted,Precision_positive,Precision_negative,Recall_macro,Recall_weighted,Recall_positive,Recall_negative,F1_macro,F1_weighted,F1_positive,F1_negative,CohenKappa,MCC
gemma4-26b-q4,0.791460855473928,0.8015609563045359,0.6635262449528937,0.9193954659949622,0.7662717770034844,0.7526315789473684,0.939047619047619,0.5934959349593496,0.7494731985885463,0.7472524623987494,0.777602523659306,0.7213438735177866,0.516840254294603,0.557163530443257
