Model,Precision_macro,Precision_weighted,Precision_positive,Precision_negative,Recall_macro,Recall_weighted,Recall_positive,Recall_negative,F1_macro,F1_weighted,F1_positive,F1_negative,CohenKappa,MCC
gemma4-26b-q4,0.7911133574519401,0.7990238811162902,0.6662162162162162,0.916010498687664,0.7623090444231384,0.7511150758251561,0.939047619047619,0.5855704697986577,0.7469392874047762,0.7448803917252834,0.7794466403162056,0.714431934493347,0.5121259154687903,0.5526722957124951
