Model,Precision_macro,Precision_weighted,Precision_positive,Precision_negative,Recall_macro,Recall_weighted,Recall_positive,Recall_negative,F1_macro,F1_weighted,F1_positive,F1_negative,CohenKappa,MCC
gemma4-26b-q4,0.779079829147949,0.7870024666070936,0.6730245231607629,0.8851351351351351,0.7636375494586721,0.7529711375212224,0.9064220183486239,0.6208530805687204,0.7511417563773927,0.7495478401332638,0.7724784988272088,0.7298050139275766,0.5148640960540729,0.5424976396627369
