Model,Precision_macro,Precision_weighted,Precision_positive,Precision_negative,Recall_macro,Recall_weighted,Recall_positive,Recall_negative,F1_macro,F1_weighted,F1_positive,F1_negative,CohenKappa,MCC
gemma4-26b-q4,0.7757179849340866,0.7841042843691148,0.6694915254237288,0.8819444444444444,0.761184668989547,0.75,0.9028571428571428,0.6195121951219512,0.748325071981818,0.7467041738997064,0.7688564476885644,0.7277936962750716,0.5093775482468063,0.5367059180947209
