Model,Precision_macro,Precision_weighted,Precision_positive,Precision_negative,Recall_macro,Recall_weighted,Recall_positive,Recall_negative,F1_macro,F1_weighted,F1_positive,F1_negative,CohenKappa,MCC
gemma4-26b-q4,0.6983476894739693,0.7494186440218864,0.8617747440273038,0.5349206349206349,0.7195260879471406,0.6924342105263158,0.6328320802005013,0.80622009569378,0.6864492785597671,0.6999866246745798,0.7297687861271677,0.6431297709923665,0.39174628989632043,0.41733675766016454
