Model,Precision_macro,Precision_weighted,Precision_positive,Precision_negative,Recall_macro,Recall_weighted,Recall_positive,Recall_negative,F1_macro,F1_weighted,F1_positive,F1_negative,CohenKappa,MCC
gemma4-26b-q4,0.6652039655452624,0.6667834796034454,0.6399317406143344,0.6904761904761905,0.6656346749226006,0.6661184210526315,0.6578947368421053,0.673374613003096,0.6653035545769109,0.6663357187794903,0.6487889273356401,0.6818181818181818,0.33072326396043683,0.3308383601036256
