Model,Precision_macro,Precision_weighted,Precision_positive,Precision_negative,Recall_macro,Recall_weighted,Recall_positive,Recall_negative,F1_macro,F1_weighted,F1_positive,F1_negative,CohenKappa,MCC
gemma4-26b-q4,0.6968470097916454,0.7300627214990998,0.8651399491094147,0.528554070473876,0.6792132048279589,0.6373355263157895,0.46703296703296704,0.8913934426229508,0.6351084047628281,0.6294819924185051,0.6066012488849242,0.6636155606407322,0.32199138227499857,0.37564655454595286
