Model,Precision_macro,Precision_weighted,Precision_positive,Precision_negative,Recall_macro,Recall_weighted,Recall_positive,Recall_negative,F1_macro,F1_weighted,F1_positive,F1_negative,CohenKappa,MCC
gemma4-26b-q4,0.6580792668787623,0.7243760608646452,0.8702290076335878,0.4459295261239368,0.653280929596719,0.5830592105263158,0.42857142857142855,0.8779904306220095,0.5828829029972984,0.5802030285562346,0.5743073047858942,0.5914585012087027,0.2490974729241877,0.31132322095946857
