Model,Precision_macro,Precision_weighted,Precision_positive,Precision_negative,Recall_macro,Recall_weighted,Recall_positive,Recall_negative,F1_macro,F1_weighted,F1_positive,F1_negative,CohenKappa,MCC
gemma4-26b-q4,0.7869890420780328,0.796169995543197,0.6400937866354045,0.9338842975206612,0.7413312693498452,0.727796052631579,0.9578947368421052,0.5247678018575851,0.7196726300958276,0.7166901174740059,0.7673928320449754,0.6719524281466799,0.4689662087636619,0.5263437272892603
