Model,Precision_macro,Precision_weighted,Precision_positive,Precision_negative,Recall_macro,Recall_weighted,Recall_positive,Recall_negative,F1_macro,F1_weighted,F1_positive,F1_negative,CohenKappa,MCC
gemma4-26b-q4,0.7275529551980064,0.7486551988617732,0.8344709897610921,0.6206349206349207,0.7364664024500089,0.7236842105263158,0.6717032967032966,0.8012295081967213,0.7218777824066133,0.7263016880058849,0.7442922374429224,0.6994633273703041,0.451287120202845,0.4639337395902162
