Model,Precision_macro,Precision_weighted,Precision_positive,Precision_negative,Recall_macro,Recall_weighted,Recall_positive,Recall_negative,F1_macro,F1_weighted,F1_positive,F1_negative,CohenKappa,MCC
gemma4-26b-q4,0.8717490367815424,0.8616603571119578,0.82063305978898,0.9228650137741047,0.8240069356872636,0.8511513157894737,0.9615384615384616,0.6864754098360656,0.8364122723499012,0.8461036981731817,0.8855154965211891,0.7873090481786134,0.6765805374650271,0.6941160313730821
