Model,Precision_macro,Precision_weighted,Precision_positive,Precision_negative,Recall_macro,Recall_weighted,Recall_positive,Recall_negative,F1_macro,F1_weighted,F1_positive,F1_negative,CohenKappa,MCC
gemma4-26b-q4,0.8558369585226667,0.8598562559948844,0.8686987104337632,0.8429752066115702,0.8303144224196857,0.8610197368421053,0.9285714285714286,0.7320574162679426,0.8406242753586659,0.8584410003327048,0.8976377952755905,0.7836107554417413,0.6819945901446549,0.6856765401557567
