Model,Precision_macro,Precision_weighted,Precision_positive,Precision_negative,Recall_macro,Recall_weighted,Recall_positive,Recall_negative,F1_macro,F1_weighted,F1_positive,F1_negative,CohenKappa,MCC
gemma4-26b-q4,0.6198958690819598,0.6191991573372413,0.6310432569974554,0.6087484811664642,0.6053147574819402,0.615953947368421,0.43508771929824563,0.7755417956656346,0.5985768887927518,0.6037968747680517,0.5150571131879543,0.6820966643975493,0.21454851256175755,0.22473810869946417
