Model,Precision_macro,Precision_weighted,Precision_positive,Precision_negative,Recall_macro,Recall_weighted,Recall_positive,Recall_negative,F1_macro,F1_weighted,F1_positive,F1_negative,CohenKappa,MCC
gemma4-26b-q4,0.8745904623225337,0.8708447492958825,0.8536585365853658,0.8955223880597015,0.8533653846153846,0.868421052631579,0.9375,0.7692307692307693,0.8606016140865738,0.8665096343205776,0.8936170212765957,0.8275862068965517,0.7221897297929583,0.7276463503429584
