Model,Precision_macro,Precision_weighted,Precision_positive,Precision_negative,Recall_macro,Recall_weighted,Recall_positive,Recall_negative,F1_macro,F1_weighted,F1_positive,F1_negative,CohenKappa,MCC
gemma4-26b-q4,0.8562749043279283,0.8561795956336574,0.8557422969187675,0.8568075117370892,0.8445703601953602,0.856140350877193,0.9092261904761905,0.7799145299145299,0.8491143457586411,0.8549407890276841,0.8816738816738817,0.8165548098434005,0.6986576921589107,0.7007475211881716
