Model,Precision_macro,Precision_weighted,Precision_positive,Precision_negative,Recall_macro,Recall_weighted,Recall_positive,Recall_negative,F1_macro,F1_weighted,F1_positive,F1_negative,CohenKappa,MCC
gemma4-26b-q4,0.873443675889328,0.8699692891369577,0.8559782608695652,0.8909090909090909,0.8507099109131403,0.8679750223015165,0.9375,0.7639198218262806,0.858714165031611,0.8659098833981229,0.8948863636363636,0.8225419664268585,0.7184105474690419,0.7237966518359197
