Model,Precision_macro,Precision_weighted,Precision_positive,Precision_negative,Recall_macro,Recall_weighted,Recall_positive,Recall_negative,F1_macro,F1_weighted,F1_positive,F1_negative,CohenKappa,MCC
gemma4-26b-q4,0.7765787173267997,0.7922424781249858,0.8641114982578397,0.6890459363957597,0.7857142857142858,0.7771929824561403,0.7380952380952381,0.8333333333333334,0.7752498517499713,0.7789894617882589,0.7961476725521669,0.7543520309477756,0.5538256721275101,0.5622187854022663
