Model,Precision_macro,Precision_weighted,Precision_positive,Precision_negative,Recall_macro,Recall_weighted,Recall_positive,Recall_negative,F1_macro,F1_weighted,F1_positive,F1_negative,CohenKappa,MCC
gemma4-26b-q4,0.8834999780656613,0.8791639589154739,0.8592692828146143,0.9077306733167082,0.861359126984127,0.8763157894736842,0.9449404761904762,0.7777777777777778,0.8689077028346242,0.8744842698987135,0.9000708717221828,0.8377445339470656,0.7387717690192483,0.744529965205536
