Model,Precision_macro,Precision_weighted,Precision_positive,Precision_negative,Recall_macro,Recall_weighted,Recall_positive,Recall_negative,F1_macro,F1_weighted,F1_positive,F1_negative,CohenKappa,MCC
gemma4-26b-q4,0.8947230599132605,0.8883045399621413,0.8588548601864181,0.9305912596401028,0.8666628510378511,0.8833333333333333,0.9598214285714286,0.7735042735042735,0.8756714781580486,0.8811945115706215,0.9065354884047786,0.8448074679113186,0.7526090106318407,0.7608686680845271
