Model,Precision_macro,Precision_weighted,Precision_positive,Precision_negative,Recall_macro,Recall_weighted,Recall_positive,Recall_negative,F1_macro,F1_weighted,F1_positive,F1_negative,CohenKappa,MCC
gemma4-26b-q4,0.893611859838275,0.8869254684520704,0.86,0.9272237196765498,0.862984210944957,0.8822479928635147,0.9598214285714286,0.7661469933184856,0.8730986930122466,0.8798770779518904,0.9071729957805907,0.8390243902439024,0.7475147680620822,0.7559759000443684
