Model,Precision_macro,Precision_weighted,Precision_positive,Precision_negative,Recall_macro,Recall_weighted,Recall_positive,Recall_negative,F1_macro,F1_weighted,F1_positive,F1_negative,CohenKappa,MCC
gemma4-26b-q4,0.878076808667199,0.8756160682500346,0.8649006622516556,0.8912529550827423,0.860624034932098,0.8743633276740238,0.9341917024320457,0.7870563674321504,0.8670660034098152,0.8728827111566481,0.8982118294360385,0.835920177383592,0.7347662180788106,0.7384946425149369
