Model,Precision_macro,Precision_weighted,Precision_positive,Precision_negative,Recall_macro,Recall_weighted,Recall_positive,Recall_negative,F1_macro,F1_weighted,F1_positive,F1_negative,CohenKappa,MCC
gemma4-26b-q4,0.8017259834091517,0.8073885110715449,0.6683168316831684,0.9351351351351351,0.7604823619100423,0.7521222410865874,0.9574468085106383,0.5635179153094463,0.7452120220910664,0.7434310378138703,0.7871720116618076,0.7032520325203252,0.5119467871371979,0.5606934877740103
