Model,Precision_macro,Precision_weighted,Precision_positive,Precision_negative,Recall_macro,Recall_weighted,Recall_positive,Recall_negative,F1_macro,F1_weighted,F1_positive,F1_negative,CohenKappa,MCC
gemma4-26b-q4,0.8514411027568922,0.8639205186140224,0.8897243107769424,0.8131578947368421,0.8437142202885276,0.865025466893039,0.9090909090909091,0.7783375314861462,0.8473350759607885,0.8642755001951631,0.8993033565547816,0.7953667953667953,0.6947420573481142,0.6951123782854842
