Model,Precision_macro,Precision_weighted,Precision_positive,Precision_negative,Recall_macro,Recall_weighted,Recall_positive,Recall_negative,F1_macro,F1_weighted,F1_positive,F1_negative,CohenKappa,MCC
gemma4-26b-q4,0.8009398496240602,0.806373105939722,0.6729323308270677,0.9289473684210526,0.7635231131748562,0.7555178268251274,0.9521276595744681,0.5749185667752443,0.7494039124615535,0.7477425226888432,0.788546255506608,0.710261569416499,0.5182907089673033,0.5632214699434154
