Model,Precision_macro,Precision_weighted,Precision_positive,Precision_negative,Recall_macro,Recall_weighted,Recall_positive,Recall_negative,F1_macro,F1_weighted,F1_positive,F1_negative,CohenKappa,MCC
gemma4-26b-q4,0.898560008760403,0.8899848216835995,0.8554533508541393,0.9416666666666667,0.8618805679287305,0.8831400535236396,0.96875,0.755011135857461,0.8733275424675472,0.8803409718441774,0.9085833914863922,0.8380716934487021,0.7483743396691964,0.7595554550495821
