Model,Precision_macro,Precision_weighted,Precision_positive,Precision_negative,Recall_macro,Recall_weighted,Recall_positive,Recall_negative,F1_macro,F1_weighted,F1_positive,F1_negative,CohenKappa,MCC
gemma4-26b-q4,0.8983743644634734,0.889798261590946,0.8589108910891089,0.9378378378378378,0.8603166967691968,0.8837011884550084,0.9679218967921897,0.7527114967462039,0.8726511609555937,0.8808033426266317,0.9101639344262296,0.8351383874849578,0.7469558372976177,0.757735930469202
