Model,Precision_macro,Precision_weighted,Precision_positive,Precision_negative,Recall_macro,Recall_weighted,Recall_positive,Recall_negative,F1_macro,F1_weighted,F1_positive,F1_negative,CohenKappa,MCC
gemma4-26b-q4,0.8870927318295739,0.8808564279969873,0.8583959899749374,0.9157894736842105,0.8551251448400633,0.8769100169779287,0.9553695955369595,0.754880694143167,0.865938317969728,0.8742729023795183,0.9042904290429042,0.8275862068965517,0.7332502522105513,0.7415291294548401
