Model,Precision_macro,Precision_weighted,Precision_positive,Precision_negative,Recall_macro,Recall_weighted,Recall_positive,Recall_negative,F1_macro,F1_weighted,F1_positive,F1_negative,CohenKappa,MCC
gemma4-26b-q4,0.8591717955579341,0.868769209206517,0.8886138613861386,0.8297297297297297,0.8463169675253259,0.870118845500849,0.9193341869398207,0.7732997481108312,0.852117269723482,0.868936260230803,0.9037130270610447,0.8005215123859192,0.7044113450518741,0.7053716383814993
