Model,Precision_macro,Precision_weighted,Precision_positive,Precision_negative,Recall_macro,Recall_weighted,Recall_positive,Recall_negative,F1_macro,F1_weighted,F1_positive,F1_negative,CohenKappa,MCC
gemma4-26b-q4,0.854756168783764,0.8630590634287822,0.8817345597897503,0.8277777777777777,0.8417286676699343,0.864406779661017,0.9154160982264665,0.7680412371134021,0.8475255746694442,0.8631395578385932,0.8982597054886211,0.7967914438502673,0.6952649387997454,0.6963629884081032
