Model,Precision_macro,Precision_weighted,Precision_positive,Precision_negative,Recall_macro,Recall_weighted,Recall_positive,Recall_negative,F1_macro,F1_weighted,F1_positive,F1_negative,CohenKappa,MCC
gemma4-26b-q4,0.7958388085851948,0.804547203997432,0.6583442838370565,0.9333333333333333,0.7590220517737296,0.7466547725245317,0.9542857142857143,0.5637583892617449,0.7410445284590407,0.7386304234369204,0.7791601866251944,0.702928870292887,0.5045350132906703,0.5536380593638153
