Model,Precision_macro,Precision_weighted,Precision_positive,Precision_negative,Recall_macro,Recall_weighted,Recall_positive,Recall_negative,F1_macro,F1_weighted,F1_positive,F1_negative,CohenKappa,MCC
gemma4-26b-q4,0.830057805418794,0.8446499839000179,0.8795669824086604,0.7805486284289277,0.8296828863811025,0.8447368421052631,0.8807588075880759,0.7786069651741293,0.8298695396663325,0.8446927254808152,0.8801624915368991,0.7795765877957659,0.6597393662228337,0.6597405852699388
