Model,Precision_macro,Precision_weighted,Precision_positive,Precision_negative,Recall_macro,Recall_weighted,Recall_positive,Recall_negative,F1_macro,F1_weighted,F1_positive,F1_negative,CohenKappa,MCC
gemma4-26b-q4,0.7207075895129422,0.7610611456039527,0.8576214405360134,0.583793738489871,0.7411620757998625,0.7271929824561404,0.6937669376693767,0.7885572139303483,0.7189703347006717,0.73313858929471,0.7670411985018727,0.6708994708994709,0.44666067348391203,0.46141651653023913
