Model,Precision_macro,Precision_weighted,Precision_positive,Precision_negative,Recall_macro,Recall_weighted,Recall_positive,Recall_negative,F1_macro,F1_weighted,F1_positive,F1_negative,CohenKappa,MCC
gemma4-26b-q4,0.8300413226064376,0.8452331626098885,0.8794037940379403,0.7806788511749347,0.8280105061813476,0.8456735057983943,0.8854024556616644,0.770618556701031,0.8290045064943424,0.8454353772369079,0.8823929299796057,0.7756160830090791,0.6580165513690236,0.6580486951249096
