Model,Precision_macro,Precision_weighted,Precision_positive,Precision_negative,Recall_macro,Recall_weighted,Recall_positive,Recall_negative,F1_macro,F1_weighted,F1_positive,F1_negative,CohenKappa,MCC
gemma4-26b-q4,0.8156412629232713,0.8341046577457405,0.8782849239280774,0.7529976019184652,0.8207640658496137,0.8324561403508772,0.8604336043360433,0.7810945273631841,0.8180281958516045,0.833130343364862,0.8692676249144422,0.7667887667887668,0.6361248145028677,0.6363847102034286
