Model,Iterations,Precision_macro,Precision_macro_std,Precision_weighted,Precision_weighted_std,Precision_positive,Precision_positive_std,Precision_negative,Precision_negative_std,Recall_macro,Recall_macro_std,Recall_weighted,Recall_weighted_std,Recall_positive,Recall_positive_std,Recall_negative,Recall_negative_std,F1_macro,F1_macro_std,F1_weighted,F1_weighted_std,F1_positive,F1_positive_std,F1_negative,F1_negative_std,CohenKappa,CohenKappa_std,MCC,MCC_std
gemma4-26b-q4_t0,10,0.8032056499095216,1.1102230246251565e-16,0.8109249185395854,0.0,0.6796973518284994,1.1102230246251565e-16,0.9267139479905439,1.1102230246251565e-16,0.7762125902992775,1.1102230246251565e-16,0.765625,0.0,0.9456140350877191,2.220446049250313e-16,0.6068111455108359,0.0,0.7621490590214318,1.1102230246251565e-16,0.7603519738896549,0.0,0.7909024211298606,0.0,0.7333956969130028,0.0,0.5399979824472914,0.0,0.5787891427968733,0.0
gemma4-26b-q4_t0-5,10,0.8044992256046104,0.0033586979529575847,0.8124088367073433,0.00341152229000601,0.6779454479608831,0.0027833879290486887,0.9310530032483377,0.0043513230988989895,0.7757430340557276,0.003260379439963102,0.7648848684210526,0.003298712355284804,0.9494736842105264,0.0032158425929514635,0.6020123839009288,0.004236511511889788,0.7611362079654487,0.003404176655184714,0.7592662099369318,0.0034444188823971713,0.7910561764217194,0.00279177581481768,0.7312162395091781,0.0040670528577372266,0.5387925756842422,0.006423405131811476,0.5795287364922639,0.006580152336748545
gemma4-26b-q4_t1,10,0.8040991195588878,0.004204731139200768,0.8119700546481475,0.0043054991827035545,0.6781641581307349,0.002768572483320592,0.9300340809870409,0.0058881974301366515,0.7756914344685242,0.0036761546403446996,0.7648848684210526,0.0036491295612391082,0.9485964912280702,0.004441750491639325,0.6027863777089782,0.0036104965293159734,0.7611871819881711,0.0036973369419993725,0.759330080349077,0.0037241859439766964,0.7909008082136766,0.003292680962035141,0.7314735557626657,0.004144366742256249,0.5387452479793519,0.007169598341456003,0.5790938240450288,0.007838323667798042
