Model,Iterations,Precision_macro,Precision_macro_std,Precision_weighted,Precision_weighted_std,Precision_positive,Precision_positive_std,Precision_negative,Precision_negative_std,Recall_macro,Recall_macro_std,Recall_weighted,Recall_weighted_std,Recall_positive,Recall_positive_std,Recall_negative,Recall_negative_std,F1_macro,F1_macro_std,F1_weighted,F1_weighted_std,F1_positive,F1_positive_std,F1_negative,F1_negative_std,CohenKappa,CohenKappa_std,MCC,MCC_std
gemma4-26b-q4_t0,10,0.7955041570035217,0.0,0.8028947043003587,0.0,0.6772554002541294,1.1102230246251565e-16,0.9137529137529137,1.1102230246251565e-16,0.7709494324045407,0.0,0.7606907894736842,0.0,0.9350877192982455,1.1102230246251565e-16,0.6068111455108359,0.0,0.7574293499682954,0.0,0.755671410944114,0.0,0.7855563743551953,0.0,0.7293023255813953,0.0,0.5300292722317553,0.0,0.5659211380158424,1.1102230246251565e-16
gemma4-26b-q4_t0-5,10,0.8025883287125657,0.005391937625628942,0.8103683251502789,0.005547352007300291,0.6781083857091528,0.003276692051197867,0.9270682717159783,0.008006099097917635,0.7749277605779155,0.004496065416276604,0.7642269736842106,0.004429352963649745,0.9461403508771931,0.006229923124408646,0.6037151702786379,0.004323294131197829,0.7606170818930797,0.004455676978022914,0.7587802995423697,0.0044801964880515485,0.7900055995044399,0.00412025984239947,0.7312285642817196,0.0048901767717358085,0.5373606126507364,0.008736006667547794,0.5768522381937401,0.009804159371391766
gemma4-26b-q4_t1,10,0.7997237704271857,0.006513001586021865,0.8072996946553145,0.006773174824652822,0.6785089827771246,0.002739304135820693,0.9209385580772468,0.010757294242103288,0.773766769865841,0.004700051155178248,0.7633223684210526,0.004486243979271662,0.940877192982456,0.008703239827938554,0.6066563467492261,0.0032062407395058784,0.7599355881680101,0.004378083416533343,0.7581546634434279,0.0043671149029527855,0.7884303837613242,0.0046234739381984195,0.7314407925746955,0.004269391212131704,0.5353533539711934,0.0089825721331165,0.572900492704109,0.011099812128444459
