Model,Iterations,Precision_macro,Precision_macro_std,Precision_weighted,Precision_weighted_std,Precision_positive,Precision_positive_std,Precision_negative,Precision_negative_std,Recall_macro,Recall_macro_std,Recall_weighted,Recall_weighted_std,Recall_positive,Recall_positive_std,Recall_negative,Recall_negative_std,F1_macro,F1_macro_std,F1_weighted,F1_weighted_std,F1_positive,F1_positive_std,F1_negative,F1_negative_std,CohenKappa,CohenKappa_std,MCC,MCC_std
gemma4-26b-q4_t0,10,0.8796779247859299,0.0,0.8770931942619897,1.1102230246251565e-16,0.8665819567979669,1.1102230246251565e-16,0.8927738927738927,0.0,0.8608246261934787,0.0,0.8758223684210528,1.1102230246251565e-16,0.9368131868131867,1.1102230246251565e-16,0.7848360655737705,0.0,0.8678313196641365,0.0,0.8742455394021293,0.0,0.9003300330033003,0.0,0.8353326063249729,1.1102230246251565e-16,0.7363233233003239,0.0,0.7402625082625727,1.1102230246251565e-16
gemma4-26b-q4_t0-5,10,0.8844830021738799,0.004116364719699535,0.8805792956227529,0.0035166227422684243,0.8647042223148365,0.0015825144691276464,0.9042617820329234,0.007293716544385218,0.8620755269320843,0.0028242655479246916,0.8783717105263158,0.003108726672933528,0.9446428571428571,0.004639930152212768,0.7795081967213114,0.002624231244849532,0.8700764796824094,0.003172945371692579,0.876555487531659,0.0030682162623900354,0.902903452785275,0.002652316035526384,0.8372495065795442,0.0037142190078612147,0.7410012029231564,0.006389111117826864,0.7462208031344906,0.006841393113394364
gemma4-26b-q4_t1,10,0.8790832262681253,0.0076370229718190335,0.8761028844319423,0.006606488164987151,0.8639828276314645,0.0027816543924288704,0.894183624904786,0.012968277444338651,0.8588812826517744,0.005458422533691708,0.8745065789473683,0.005966564851058249,0.9380494505494505,0.008320366879619666,0.7797131147540982,0.0039149535193735135,0.8662431661516686,0.006098034674605684,0.8728038388474291,0.005895959606682561,0.8994839078101883,0.00508266169141344,0.833002424493149,0.007130890364248232,0.7332358173442726,0.012269072714577653,0.7376849556148035,0.012999506868410171
