Model,Iterations,Precision_macro,Precision_macro_std,Precision_weighted,Precision_weighted_std,Precision_positive,Precision_positive_std,Precision_negative,Precision_negative_std,Recall_macro,Recall_macro_std,Recall_weighted,Recall_weighted_std,Recall_positive,Recall_positive_std,Recall_negative,Recall_negative_std,F1_macro,F1_macro_std,F1_weighted,F1_weighted_std,F1_positive,F1_positive_std,F1_negative,F1_negative_std,CohenKappa,CohenKappa_std,MCC,MCC_std
gemma4-26b-q4_t0,10,0.8382105241191395,1.1102230246251565e-16,0.8548794452940773,0.0,0.8915510718789406,2.220446049250313e-16,0.7848699763593381,0.0,0.8401116427432218,1.1102230246251565e-16,0.8544407894736843,1.1102230246251565e-16,0.8859649122807017,0.0,0.7942583732057418,1.1102230246251565e-16,0.8391427403400968,0.0,0.8546447634621321,0.0,0.8887492143306097,0.0,0.789536266349584,1.1102230246251565e-16,0.678291491536976,0.0,0.6783195027454437,0.0
gemma4-26b-q4_t0-5,10,0.8419150604712611,0.002425643505198672,0.8573001450295814,0.002201510361410465,0.8911473310578867,0.002065309060581628,0.7926827898846354,0.0035282877444175755,0.8417919799498748,0.0025378161279068093,0.8573190789473684,0.0021835391525249757,0.8914786967418546,0.002184911751148202,0.7921052631578948,0.004339319891678708,0.8418493033270404,0.002439783061831522,0.8573060882701968,0.002190465486163838,0.8913110151451408,0.0016635474441448913,0.7923875915089403,0.0032585632372732426,0.6836999565546666,0.004879544312281101,0.6837064159851655,0.004879535106934801
gemma4-26b-q4_t1,10,0.8407154631300081,0.0018747561591705535,0.8563934323224425,0.0017720670335682044,0.8908849645457979,0.0018154149998048802,0.7905459617142182,0.002565699262844914,0.8409831396673502,0.002121818043884532,0.8563322368421051,0.0017269736842105286,0.8901002506265664,0.0015900473108332817,0.791866028708134,0.0038575395924873436,0.8408459762911328,0.0019650259057602424,0.8563600563188476,0.0017483309191932356,0.8904910323798205,0.0012903375813004294,0.791200920202445,0.0026756291207975847,0.681693028122091,0.003929812818030831,0.6816981100224615,0.003928753434751666
