Model,Iterations,Precision_macro,Precision_macro_std,Precision_weighted,Precision_weighted_std,Precision_positive,Precision_positive_std,Precision_negative,Precision_negative_std,Recall_macro,Recall_macro_std,Recall_weighted,Recall_weighted_std,Recall_positive,Recall_positive_std,Recall_negative,Recall_negative_std,F1_macro,F1_macro_std,F1_weighted,F1_weighted_std,F1_positive,F1_positive_std,F1_negative,F1_negative_std,CohenKappa,CohenKappa_std,MCC,MCC_std
gemma4-26b-q4_t0,10,0.8865143886071685,0.0,0.8827795931521629,1.1102230246251565e-16,0.8675914249684741,1.1102230246251565e-16,0.905437352245863,1.1102230246251565e-16,0.8649455053143578,0.0,0.8807565789473685,0.0,0.945054945054945,0.0,0.7848360655737705,0.0,0.8727511148350462,1.1102230246251565e-16,0.8790504964316277,0.0,0.9046679815910587,1.1102230246251565e-16,0.8408342480790341,0.0,0.7462758731839845,0.0,0.7511502881887571,1.1102230246251565e-16
gemma4-26b-q4_t0-5,10,0.8876027670708222,0.0022770465428810747,0.8831347758108412,0.001986509029785212,0.8649649446869188,0.0014481916272306675,0.9102405894547259,0.004027129481971629,0.8637936858223743,0.0017870501987017101,0.8805098684210526,0.0018035947532451847,0.948489010989011,0.0025513977501382752,0.7790983606557377,0.0027185449101273665,0.8721870382324697,0.0018898168169598306,0.8786241046840727,0.0018078963780241628,0.9048015082539248,0.0014910994945290463,0.8395725682110147,0.0023205165258228487,0.7452855485217932,0.0037826538607856285,0.7510184722765738,0.003940493465007766
gemma4-26b-q4_t1,10,0.8866104146067393,0.0035875658664888837,0.8823294968883226,0.0032998402470255255,0.8649204315000955,0.002412324732208527,0.9083003977133831,0.005231679480775321,0.8632780129706358,0.0032200635499681496,0.8798519736842104,0.0031304056432030127,0.9472527472527471,0.0031443744896317675,0.7793032786885246,0.004103480408709156,0.8715408965634965,0.0033312296337136703,0.8779897070247346,0.003169285980134735,0.9042148695671024,0.0025182025587292974,0.8388669235598906,0.004158503500383687,0.7439714764411678,0.006645674459731789,0.749524867247559,0.006747859182643786
