Model,Iterations,Precision_macro,Precision_macro_std,Precision_weighted,Precision_weighted_std,Precision_positive,Precision_positive_std,Precision_negative,Precision_negative_std,Recall_macro,Recall_macro_std,Recall_weighted,Recall_weighted_std,Recall_positive,Recall_positive_std,Recall_negative,Recall_negative_std,F1_macro,F1_macro_std,F1_weighted,F1_weighted_std,F1_positive,F1_positive_std,F1_negative,F1_negative_std,CohenKappa,CohenKappa_std,MCC,MCC_std
gemma4-26b-q4_t0,10,0.8341093468158272,0.0,0.852198587625843,0.0,0.8919949174078781,0.0,0.7762237762237764,1.1102230246251565e-16,0.838174982911825,0.0,0.8511513157894737,0.0,0.8796992481203008,0.0,0.7966507177033492,1.1102230246251565e-16,0.836054510445104,0.0,0.851601356057192,1.1102230246251565e-16,0.8858044164037855,0.0,0.7863046044864228,1.1102230246251565e-16,0.6721385712668402,0.0,0.6722720361583496,0.0
gemma4-26b-q4_t0-5,10,0.8394445438338156,0.004265112946953153,0.8555901899667665,0.0035228119758536503,0.8911106114592586,0.002339441052362113,0.7877784762083725,0.006908450517949942,0.8404591023012076,0.0036411537715578396,0.8553453947368421,0.0037043110623536817,0.8880952380952382,0.004414515026017188,0.792822966507177,0.004564302399124126,0.8399378861637938,0.003924732575367465,0.8554561167991628,0.0036219575525149937,0.8895962241969742,0.0029750369323296015,0.7902795481306135,0.004915756556005052,0.6798804393281008,0.007845062715404754,0.6799016415156856,0.007826584152591184
gemma4-26b-q4_t1,10,0.8349636709800589,0.004894840578108122,0.8523775486817536,0.003685419236719151,0.8906880796254821,0.0017558546519117104,0.7792392623346357,0.008983666925720982,0.8377534745955797,0.003425619138984818,0.8516447368421052,0.004131531804960685,0.8822055137844611,0.00619001956653056,0.7933014354066985,0.003580533384472654,0.8362968958876749,0.004167787901712332,0.8519592833636361,0.003948265632455563,0.8864165358107512,0.0034855699905592275,0.7861772559645985,0.0048977733447438864,0.6726151213093152,0.008317785283542819,0.6727086380097862,0.008242804242074016
