Model,Iterations,Precision_macro,Precision_macro_std,Precision_weighted,Precision_weighted_std,Precision_positive,Precision_positive_std,Precision_negative,Precision_negative_std,Recall_macro,Recall_macro_std,Recall_weighted,Recall_weighted_std,Recall_positive,Recall_positive_std,Recall_negative,Recall_negative_std,F1_macro,F1_macro_std,F1_weighted,F1_weighted_std,F1_positive,F1_positive_std,F1_negative,F1_negative_std,CohenKappa,CohenKappa_std,MCC,MCC_std
gpt-oss-20b_t0,10,0.7969223351714391,0.0031455815308688447,0.8333246424741884,0.002781051111902212,0.913409718540237,0.0026542969022385877,0.6804349518026414,0.004956475472664113,0.8231373889268626,0.0031795028185893793,0.8125,0.0033707074888024977,0.7890977443609023,0.004789853346771034,0.857177033492823,0.004790666123086309,0.8026702810706645,0.0033639788023401146,0.8164314987273178,0.0032487416987512616,0.8467061775719547,0.003042578305478829,0.7586343845693745,0.003805156231113505,0.6086331557236234,0.006546340395671541,0.6195050085251366,0.006303499132990319
gpt-oss-20b_t0-5,10,0.7841884353095769,0.005232146618916843,0.8240741270257337,0.00416853292982283,0.9118226488012782,0.002812041856087905,0.6565542218178758,0.009126243825383715,0.8116940077466392,0.005090150829525734,0.7969572368421052,0.0063108404746545135,0.7645363408521303,0.009632834607006332,0.8588516746411484,0.004902847256439993,0.7879184203703076,0.0060614447631849476,0.8015932893779608,0.006054395783253004,0.8316780011947982,0.006073158500651037,0.7441588395458172,0.006148781206139939,0.5807896479667671,0.01147090341247005,0.5952467129850593,0.01032561811563494
gpt-oss-20b_t1-0,10,0.77781008693452,0.00434042920652373,0.8198794652583095,0.004056131337633201,0.912432097570646,0.004438566954676404,0.643188076298394,0.006534987493776189,0.8059637730690362,0.004653247374586202,0.7882401315789475,0.0049101661968842915,0.7492481203007519,0.007401974649434767,0.8626794258373206,0.007876592168973372,0.7798532666318467,0.004831481880412985,0.7932744131867643,0.004745939043997294,0.822800935607583,0.0046689934132352505,0.7369055976561105,0.005293663143861634,0.5659420103542185,0.009252365963338486,0.5830943139470397,0.008972568505123974
