Model,Iterations,Precision_macro,Precision_macro_std,Precision_weighted,Precision_weighted_std,Precision_positive,Precision_positive_std,Precision_negative,Precision_negative_std,Recall_macro,Recall_macro_std,Recall_weighted,Recall_weighted_std,Recall_positive,Recall_positive_std,Recall_negative,Recall_negative_std,F1_macro,F1_macro_std,F1_weighted,F1_weighted_std,F1_positive,F1_positive_std,F1_negative,F1_negative_std,CohenKappa,CohenKappa_std,MCC,MCC_std
gpt-oss-20b_t0,10,0.8488168539117718,0.002226585099505833,0.8590762608741486,0.0021313730099384396,0.9007978491878141,0.0029136181726262325,0.7968358586357294,0.003932495484984754,0.8564290217978743,0.002268125941538263,0.8557565789473685,0.0022127671130055255,0.8530219780219779,0.003933467325075907,0.8598360655737703,0.004866533642228656,0.8516863694125982,0.002246491527899456,0.8565344022614164,0.002189166305693065,0.8762497358466106,0.0020200156267348806,0.8271230029785857,0.0026106532297796854,0.7036840451231694,0.004476078622804031,0.705204450555715,0.004441092447753547
gpt-oss-20b_t0-5,10,0.8400493411027581,0.007118817967025338,0.852775354547752,0.0067310117259656065,0.9045278092240604,0.006512242234778185,0.775570872981456,0.010303066603029766,0.8501880291839308,0.007091883145903323,0.8464638157894736,0.00722608725368871,0.8313186813186813,0.009747909340225376,0.8690573770491804,0.009631147540983619,0.8429788906368211,0.007263775022752835,0.8475909901608556,0.007132405172764187,0.8663468615585964,0.006659957379051352,0.8196109197150457,0.00800607328835075,0.6867271936549557,0.01441017473211429,0.6901622449347707,0.01418292712822704
gpt-oss-20b_t1-0,10,0.8316387554788282,0.006101883944459064,0.846015978696883,0.005633218138072393,0.9044833531169723,0.0049133078389275815,0.758794157840684,0.009334771380884213,0.8429348315618809,0.006032359003936391,0.8372532894736843,0.006427639154496424,0.8141483516483516,0.009357813917720375,0.8717213114754099,0.0071103899888923985,0.8341128254248737,0.006386511319602978,0.8386130682960239,0.006331856084745131,0.856914055972035,0.0061590328433094865,0.8113115948777126,0.006730988758877245,0.6694477282495889,0.01257749432802405,0.6744786962475572,0.012123570327395848
