Model,Iterations,Precision_macro,Precision_weighted,Precision_positive,Precision_negative,Recall_macro,Recall_weighted,Recall_positive,Recall_negative,F1_macro,F1_weighted,F1_positive,F1_negative,CohenKappa,MCC
gpt-oss-20b_t0,10,0.7969027708501291,0.8333090796766092,0.9134029590948651,0.6804025826053931,0.8231373889268626,0.8125,0.7890977443609023,0.8571770334928229,0.8026701873548521,0.8164333738145286,0.8467123840258168,0.7586279906838873,0.6086256839394915,0.6194849026010604
gpt-oss-20b_t0-5,10,0.7841244925030768,0.8240299167979279,0.9118218502465999,0.6564271347595538,0.8116940077466392,0.7969572368421053,0.7645363408521303,0.8588516746411483,0.7879136874070622,0.8015996642502178,0.8317088133051599,0.7441185615089646,0.580748209074025,0.5951803147526438
gpt-oss-20b_t1-0,10,0.7777655984781291,0.8198408900036146,0.9124065313596826,0.6431246655965757,0.8059637730690362,0.7882401315789473,0.7492481203007518,0.8626794258373206,0.779856459690422,0.7932816401271672,0.8228170370880066,0.7368958822928374,0.5659274087341306,0.583047890105598
