Model,Iterations,Precision_macro,Precision_weighted,Precision_positive,Precision_negative,Recall_macro,Recall_weighted,Recall_positive,Recall_negative,F1_macro,F1_weighted,F1_positive,F1_negative,CohenKappa,MCC
gpt-oss-20b_t0,10,0.7836093980674863,0.7879356526935853,0.7143893240498984,0.8528294720850741,0.7796181630546956,0.7743421052631579,0.8640350877192983,0.6952012383900928,0.7740542882828989,0.7735502769810628,0.7821184691122757,0.7659901074535221,0.5524293025057598,0.563213419274358
gpt-oss-20b_t0-5,10,0.7842179527992165,0.7879562049493021,0.7244059183978478,0.8440299872005851,0.7824509803921569,0.7782072368421052,0.8503508771929824,0.7145510835913312,0.7781271684816302,0.7778637401095048,0.7823420224356388,0.7739123145276218,0.5591831731211245,0.5666661783208539
gpt-oss-20b_t1-0,10,0.7796995896133954,0.7830126848630575,0.7266900656188006,0.83270911360799,0.7790970072239423,0.7755756578947368,0.8354385964912281,0.7227554179566563,0.7755625300294471,0.7754552485496607,0.7772790337060311,0.7738460263528631,0.5533231716673657,0.5587962719376838
