Model,Iterations,Precision_macro,Precision_macro_std,Precision_weighted,Precision_weighted_std,Precision_positive,Precision_positive_std,Precision_negative,Precision_negative_std,Recall_macro,Recall_macro_std,Recall_weighted,Recall_weighted_std,Recall_positive,Recall_positive_std,Recall_negative,Recall_negative_std,F1_macro,F1_macro_std,F1_weighted,F1_weighted_std,F1_positive,F1_positive_std,F1_negative,F1_negative_std,CohenKappa,CohenKappa_std,MCC,MCC_std
gpt-oss-20b_t0,10,0.7836277981531741,0.004173628413646639,0.7879547471810812,0.004246448753708146,0.7143966137066606,0.003659812849176342,0.8528589825996873,0.005686341093631063,0.7796181630546956,0.003990686854875449,0.7743421052631578,0.003947368421052648,0.8640350877192983,0.006039268237915283,0.6952012383900928,0.004868168790562336,0.7740512685795451,0.003945272852066194,0.7735473203022231,0.003949879283423985,0.7821144410166941,0.003964761798225484,0.7659880961423962,0.004098357328081357,0.5524288823174561,0.007852517155441411,0.5632314126723887,0.008144886244277625
gpt-oss-20b_t0-5,10,0.7842701909156576,0.008532981872547089,0.7880086510644153,0.00858698689730144,0.7244548285355352,0.00862932533185352,0.8440855532957802,0.01010526751157928,0.7824509803921569,0.008523853555316357,0.7782072368421052,0.008546698979852753,0.8503508771929825,0.010701754385964934,0.7145510835913311,0.011015756578735087,0.7781166490740712,0.008559244153741605,0.7778526158144878,0.008585739646937507,0.7823411812274064,0.00827661678061406,0.773892116920736,0.009096349233430116,0.5591851042286929,0.016930568497639388,0.5667177057506945,0.017038756244798194
gpt-oss-20b_t1-0,10,0.7797465086149045,0.0067844331708895875,0.7830614652146464,0.006890964590984817,0.7267072030190352,0.0060861439214960015,0.8327858142107738,0.00905404157689752,0.7790970072239423,0.006597868338012536,0.7755756578947368,0.006490461684991975,0.8354385964912281,0.010373154736206648,0.7227554179566564,0.007597765443844003,0.7755542529575059,0.0064846177674893,0.7754474196814778,0.006473937055303191,0.7772635853739583,0.0067988854894443914,0.7738449205410535,0.006447110694958735,0.5533210932763726,0.012979957128324249,0.5588428797556737,0.013372085559111338
