Model,Iterations,Precision_macro,Precision_weighted,Precision_positive,Precision_negative,Recall_macro,Recall_weighted,Recall_positive,Recall_negative,F1_macro,F1_weighted,F1_positive,F1_negative,CohenKappa,MCC
gpt-oss-20b_t0,10,0.8487965062834737,0.8590570556651367,0.9007832898172323,0.7968097227497152,0.8564290217978743,0.8557565789473685,0.853021978021978,0.8598360655737705,0.8516881413401867,0.8565363291541074,0.8762522929307183,0.8271239897496551,0.7036832862827038,0.7051842242737274
gpt-oss-20b_t0-5,10,0.8399801366810374,0.8527140400036618,0.9044985801823345,0.7754616931797403,0.8501880291839308,0.8464638157894737,0.8313186813186814,0.8690573770491803,0.8429810700946805,0.8475965254605025,0.8663660439481784,0.8195960962411827,0.6867138425532384,0.6900926721130023
gpt-oss-20b_t1-0,10,0.8315828617903146,0.8459687248348041,0.9044712345490615,0.7586944890315677,0.8429348315618808,0.8372532894736842,0.8141483516483516,0.8717213114754099,0.8341132402493747,0.8386177938287787,0.8569363117183546,0.8112901687803947,0.6694308603580338,0.6744221611331227
