Model,Precision_macro,Precision_weighted,Precision_positive,Precision_negative,Recall_macro,Recall_weighted,Recall_positive,Recall_negative,F1_macro,F1_weighted,F1_positive,F1_negative,CohenKappa,MCC
gemma4-26b-q4,0.8010065049226441,0.8257757199511193,0.8832630098452883,0.71875,0.813976487539706,0.819672131147541,0.8328912466843501,0.7950617283950617,0.8061601494824531,0.8215708736691058,0.8573378839590444,0.7549824150058617,0.612893070202494,0.6148462088757318
