Model,Precision_macro,Precision_weighted,Precision_positive,Precision_negative,Recall_macro,Recall_weighted,Recall_positive,Recall_negative,F1_macro,F1_weighted,F1_positive,F1_negative,CohenKappa,MCC
gemma4-26b-q4,0.8191885021316161,0.8383615423019997,0.8842398884239888,0.7541371158392435,0.8263054645471828,0.8359649122807018,0.8590785907859079,0.7935323383084577,0.822405498281787,0.8368688732139627,0.8714776632302406,0.7733333333333333,0.6449414398209218,0.6454547310731449
