Model,Precision_macro,Precision_weighted,Precision_positive,Precision_negative,Recall_macro,Recall_weighted,Recall_positive,Recall_negative,F1_macro,F1_weighted,F1_positive,F1_negative,CohenKappa,MCC
gemma4-26b-q4,0.8486285208923066,0.8597951663823852,0.8865153538050734,0.8107416879795396,0.8441431056101606,0.8605263157894737,0.8997289972899729,0.7885572139303483,0.8462844441655338,0.860074844354709,0.8930733019502354,0.7994955863808323,0.692600431437991,0.6927571057279892
