Model,Precision_macro,Precision_weighted,Precision_positive,Precision_negative,Recall_macro,Recall_weighted,Recall_positive,Recall_negative,F1_macro,F1_weighted,F1_positive,F1_negative,CohenKappa,MCC
gemma4-26b-q4,0.847029490616622,0.8590412428581337,0.886058981233244,0.808,0.841350684237915,0.8599464763603925,0.9017735334242838,0.7809278350515464,0.8440402418480837,0.8593688756658114,0.8938471940500338,0.7942332896461337,0.6881271895705119,0.6883567507411227
