Model,Precision_macro,Precision_weighted,Precision_positive,Precision_negative,Recall_macro,Recall_weighted,Recall_positive,Recall_negative,F1_macro,F1_weighted,F1_positive,F1_negative,CohenKappa,MCC
gemma4-26b-q4,0.8806093368689754,0.8747325551952281,0.853566958698373,0.9076517150395779,0.848694699836932,0.8709677419354839,0.9511854951185496,0.7462039045553145,0.8593918834024374,0.8681593975576442,0.899736147757256,0.819047619047619,0.7202608415796726,0.7286054034239964
