Model,Precision_macro,Precision_weighted,Precision_positive,Precision_negative,Recall_macro,Recall_weighted,Recall_positive,Recall_negative,F1_macro,F1_weighted,F1_positive,F1_negative,CohenKappa,MCC
gemma4-26b-q4,0.7926448297839317,0.7979742429828031,0.6670838548185232,0.9182058047493403,0.7559053526462911,0.7478777589134126,0.9450354609929078,0.5667752442996743,0.7415023284783655,0.7397792391715959,0.7820983125458547,0.7009063444108762,0.5032725579335038,0.5473184753540514
