Model,Precision_macro,Precision_weighted,Precision_positive,Precision_negative,Recall_macro,Recall_weighted,Recall_positive,Recall_negative,F1_macro,F1_weighted,F1_positive,F1_negative,CohenKappa,MCC
gemma4-26b-q4,0.8467477486700064,0.8595781359155905,0.886107634543179,0.8073878627968337,0.8386554730259275,0.8607809847198642,0.9065300896286812,0.7707808564231738,0.8424311627300013,0.8599593508994225,0.8962025316455696,0.788659793814433,0.6849455807384842,0.6853554489358539
