Model,Precision_macro,Precision_weighted,Precision_positive,Precision_negative,Recall_macro,Recall_weighted,Recall_positive,Recall_negative,F1_macro,F1_weighted,F1_positive,F1_negative,CohenKappa,MCC
gemma4-26b-q4,0.7916669371433764,0.7999657460266765,0.6729222520107239,0.910411622276029,0.7689029864145072,0.7575496117342536,0.9313543599257885,0.6064516129032258,0.7546498619486894,0.7527857370865408,0.7813229571984436,0.7279767666989352,0.524644336013615,0.5601075269489825
