Model,Precision_macro,Precision_weighted,Precision_positive,Precision_negative,Recall_macro,Recall_weighted,Recall_positive,Recall_negative,F1_macro,F1_weighted,F1_positive,F1_negative,CohenKappa,MCC
gemma4-26b-q4,0.8304386915851449,0.8471871653445813,0.886058981233244,0.774818401937046,0.8333906408619052,0.8464193270060397,0.876657824933687,0.7901234567901234,0.8318647106764466,0.8467607842806343,0.8813333333333333,0.78239608801956,0.6637469602237536,0.663822768977205
