Model,Precision_macro,Precision_weighted,Precision_positive,Precision_negative,Recall_macro,Recall_weighted,Recall_positive,Recall_negative,F1_macro,F1_weighted,F1_positive,F1_negative,CohenKappa,MCC
gemma4-26b-q4,0.8783828934179753,0.8753874830745423,0.8616438356164383,0.8951219512195122,0.8600999694749695,0.8736842105263158,0.9360119047619048,0.7841880341880342,0.8666402373439831,0.8721248576844254,0.8972895863052782,0.835990888382688,0.7340073886836477,0.7382565092694098
