Model,Precision_macro,Precision_weighted,Precision_positive,Precision_negative,Recall_macro,Recall_weighted,Recall_positive,Recall_negative,F1_macro,F1_weighted,F1_positive,F1_negative,CohenKappa,MCC
gemma4-26b-q4,0.7964605819938182,0.8042785660947521,0.6730245231607629,0.9198966408268734,0.7691339085969959,0.7582515611061552,0.940952380952381,0.5973154362416108,0.7545315639905397,0.7526176524310564,0.7847498014297061,0.7243133265513734,0.5258000215409926,0.5649339613687124
