Model,Precision_macro,Precision_weighted,Precision_positive,Precision_negative,Recall_macro,Recall_weighted,Recall_positive,Recall_negative,F1_macro,F1_weighted,F1_positive,F1_negative,CohenKappa,MCC
gemma4-26b-q4,0.8802475186466644,0.8773199361490882,0.8646112600536193,0.8958837772397095,0.8615313163481954,0.8757549611734253,0.9375,0.7855626326963907,0.8683428311781745,0.874191675574427,0.899581589958159,0.8371040723981901,0.7373825746251043,0.7415426783522673
