Model,Precision_macro,Precision_weighted,Precision_positive,Precision_negative,Recall_macro,Recall_weighted,Recall_positive,Recall_negative,F1_macro,F1_weighted,F1_positive,F1_negative,CohenKappa,MCC
gemma4-26b-q4,0.7915920137309106,0.800595355026188,0.6710700132100397,0.9121140142517815,0.7693725814165834,0.7572156196943973,0.9321100917431193,0.6066350710900474,0.754495346525707,0.7525648300834108,0.7803379416282642,0.7286527514231499,0.5245616164238964,0.5605243739897675
