Model,Precision_macro,Precision_weighted,Precision_positive,Precision_negative,Recall_macro,Recall_weighted,Recall_positive,Recall_negative,F1_macro,F1_weighted,F1_positive,F1_negative,CohenKappa,MCC
gemma4-26b-q4,0.8847576903308478,0.8808516942384943,0.8651226158038147,0.9043927648578811,0.8622252492310956,0.8786797502230151,0.9449404761904762,0.779510022271715,0.8702961334540282,0.8768559458732706,0.903271692745377,0.8373205741626795,0.7414378508556213,0.7466430211919806
