Model,Precision_macro,Precision_weighted,Precision_positive,Precision_negative,Recall_macro,Recall_weighted,Recall_positive,Recall_negative,F1_macro,F1_weighted,F1_positive,F1_negative,CohenKappa,MCC
gemma4-26b-q4,0.8335709608601061,0.849151426896653,0.8841961852861036,0.7829457364341085,0.8331651453566054,0.8492417484388939,0.8854024556616644,0.7809278350515464,0.8333671966048772,0.8491958682312811,0.8847989093387867,0.7819354838709678,0.6667346863384248,0.6667359827148966
