Model,Precision_macro,Precision_weighted,Precision_positive,Precision_negative,Recall_macro,Recall_weighted,Recall_positive,Recall_negative,F1_macro,F1_weighted,F1_positive,F1_negative,CohenKappa,MCC
gemma4-26b-q4,0.8822204162574483,0.8792991941566308,0.8665785997357992,0.8978622327790974,0.8638137990149961,0.8777589134125636,0.9384835479256081,0.7891440501043842,0.8705494505494505,0.8762547808727775,0.9010989010989011,0.84,0.7417618385037191,0.7458071109870579
