Model,Precision_macro,Precision_weighted,Precision_positive,Precision_negative,Recall_macro,Recall_weighted,Recall_positive,Recall_negative,F1_macro,F1_weighted,F1_positive,F1_negative,CohenKappa,MCC
gemma4-26b-q4,0.8322183767026361,0.8488955289948593,0.8877146631439894,0.7767220902612827,0.8354869578443054,0.8480475382003395,0.8772845953002611,0.7936893203883495,0.8337914285871932,0.8484194367119868,0.8824688115561392,0.7851140456182473,0.6676040796380661,0.6676973342464108
