Model,Precision_macro,Precision_weighted,Precision_positive,Precision_negative,Recall_macro,Recall_weighted,Recall_positive,Recall_negative,F1_macro,F1_weighted,F1_positive,F1_negative,CohenKappa,MCC
gemma4-26b-q4,0.7884896554401128,0.7977380574999677,0.6405152224824356,0.93646408839779,0.7422084623323013,0.7286184210526315,0.9596491228070175,0.5247678018575851,0.7204387372926699,0.7174500066880686,0.7682584269662921,0.6726190476190477,0.4706236214156808,0.5286762178987254
