Model,Precision_macro,Precision_weighted,Precision_positive,Precision_negative,Recall_macro,Recall_weighted,Recall_positive,Recall_negative,F1_macro,F1_weighted,F1_positive,F1_negative,CohenKappa,MCC
gemma4-26b-q4,0.8570781632098541,0.8607576306493976,0.8688524590163934,0.8453038674033149,0.8309409888357258,0.8618421052631579,0.9298245614035088,0.7320574162679426,0.8414602346805737,0.8592242503259453,0.8983050847457628,0.7846153846153846,0.6836902800658979,0.6875225099567687
