Model,Precision_macro,Precision_weighted,Precision_positive,Precision_negative,Recall_macro,Recall_weighted,Recall_positive,Recall_negative,F1_macro,F1_weighted,F1_positive,F1_negative,CohenKappa,MCC
gemma4-26b-q4,0.8731287279878893,0.8628091944379562,0.8208430913348946,0.925414364640884,0.8246937488740768,0.8519736842105263,0.9629120879120879,0.6864754098360656,0.8372276344165985,0.8468971752650759,0.8862199747155499,0.788235294117647,0.6782539159885225,0.6961395420546183
