Model,Precision_macro,Precision_weighted,Precision_positive,Precision_negative,Recall_macro,Recall_weighted,Recall_positive,Recall_negative,F1_macro,F1_weighted,F1_positive,F1_negative,CohenKappa,MCC
gemma4-26b-q4,0.7970506621957084,0.8077387916846609,0.6693440428380187,0.9247572815533981,0.7741537418882771,0.7601380500431406,0.9416195856873822,0.606687898089172,0.7575824605754182,0.7554993330260984,0.7824726134585289,0.7326923076923076,0.5316068894936385,0.5707453042166674
