Model,Precision_macro,Precision_weighted,Precision_positive,Precision_negative,Recall_macro,Recall_weighted,Recall_positive,Recall_negative,F1_macro,F1_weighted,F1_positive,F1_negative,CohenKappa,MCC
gemma4-26b-q4,0.8765318392304347,0.8744441191069001,0.8669250645994832,0.8861386138613861,0.8562082308485888,0.8735144312393888,0.9358437935843794,0.7765726681127982,0.863906366910519,0.8717647198440355,0.9000670690811536,0.8277456647398844,0.7284966944168592,0.7324581634753985
