Model,Precision_macro,Precision_weighted,Precision_positive,Precision_negative,Recall_macro,Recall_weighted,Recall_positive,Recall_negative,F1_macro,F1_weighted,F1_positive,F1_negative,CohenKappa,MCC
gemma4-26b-q4,0.7946471972778673,0.7994760871041106,0.6808785529715762,0.9084158415841584,0.7660585164137039,0.7589134125636672,0.9343971631205674,0.5977198697068404,0.7543822554262438,0.7529662688207992,0.7877428998505231,0.7210216110019646,0.5241703788408913,0.5599764144076259
