Model,Precision_macro,Precision_weighted,Precision_positive,Precision_negative,Recall_macro,Recall_weighted,Recall_positive,Recall_negative,F1_macro,F1_weighted,F1_positive,F1_negative,CohenKappa,MCC
gemma4-26b-q4,0.8804134462029198,0.8774279774688476,0.863697705802969,0.8971291866028708,0.8624287928934384,0.8757549611734253,0.9370424597364568,0.7878151260504201,0.8689012894955132,0.8742549122778823,0.898876404494382,0.8389261744966443,0.7384935992855016,0.7426244975968871
