Model,Precision_macro,Precision_weighted,Precision_positive,Precision_negative,Recall_macro,Recall_weighted,Recall_positive,Recall_negative,F1_macro,F1_weighted,F1_positive,F1_negative,CohenKappa,MCC
gemma4-26b-q4,0.8344267035780664,0.8492689186594674,0.8848728246318608,0.7839805825242718,0.8355321923390383,0.8490077653149266,0.8813333333333333,0.7897310513447433,0.8349724214974814,0.8491323393724779,0.8830995323981295,0.7868453105968332,0.6699472599072778,0.6699579838415729
