Model,Precision_macro,Precision_weighted,Precision_positive,Precision_negative,Recall_macro,Recall_weighted,Recall_positive,Recall_negative,F1_macro,F1_weighted,F1_positive,F1_negative,CohenKappa,MCC
gemma4-26b-q4,0.883723102692952,0.8802950530371592,0.867948717948718,0.8994974874371859,0.8603923312669988,0.8786078098471987,0.9442119944211994,0.7765726681127982,0.8690014876473942,0.876710636497394,0.9044756179024717,0.8335273573923166,0.7388091406102217,0.7437495910332158
