Model,Precision_macro,Precision_weighted,Precision_positive,Precision_negative,Recall_macro,Recall_weighted,Recall_positive,Recall_negative,F1_macro,F1_weighted,F1_positive,F1_negative,CohenKappa,MCC
gemma4-26b-q4,0.8027219430485762,0.8077893713047412,0.6833333333333333,0.9221105527638191,0.7713776653498741,0.7640067911714771,0.9450354609929078,0.5977198697068404,0.7592256022962545,0.7577854851651632,0.7931547619047619,0.7252964426877471,0.5344217733497112,0.5732433136276434
