Model,Precision_macro,Precision_weighted,Precision_positive,Precision_negative,Recall_macro,Recall_weighted,Recall_positive,Recall_negative,F1_macro,F1_weighted,F1_positive,F1_negative,CohenKappa,MCC
gemma4-26b-q4,0.8874933390520009,0.8834389188699534,0.8647925033467202,0.9101941747572816,0.866821179423453,0.8809318377911993,0.9458272327964861,0.7878151260504201,0.874045549045549,0.8793055555782044,0.9034965034965035,0.8445945945945946,0.7489010436945027,0.7540312026694571
