Model,Precision_macro,Precision_weighted,Precision_positive,Precision_negative,Recall_macro,Recall_weighted,Recall_positive,Recall_negative,F1_macro,F1_weighted,F1_positive,F1_negative,CohenKappa,MCC
gemma4-26b-q4,0.8302048828364619,0.8464120231069961,0.8852901484480432,0.7751196172248804,0.8334213528932355,0.8455565142364107,0.8746666666666667,0.7921760391198044,0.8317506814364624,0.8459307687400239,0.8799463447350772,0.7835550181378477,0.6635234661489631,0.6636184408748311
