Model,Precision_macro,Precision_weighted,Precision_positive,Precision_negative,Recall_macro,Recall_weighted,Recall_positive,Recall_negative,F1_macro,F1_weighted,F1_positive,F1_negative,CohenKappa,MCC
gemma4-26b-q4,0.8374726195077954,0.8549296316154802,0.8910256410256411,0.7839195979899497,0.837889484836659,0.8548387096774194,0.8898847631241997,0.7858942065491183,0.837680248510268,0.8548835098371247,0.8904548366431775,0.7849056603773585,0.6753607586164662,0.6753619756899758
