Model,Precision_macro,Precision_weighted,Precision_positive,Precision_negative,Recall_macro,Recall_weighted,Recall_positive,Recall_negative,F1_macro,F1_weighted,F1_positive,F1_negative,CohenKappa,MCC
gemma4-26b-q4,0.8331126717322895,0.8521367086169667,0.8914728682170543,0.7747524752475248,0.8359479063527029,0.8514431239388794,0.8834827144686299,0.7884130982367759,0.8344914516018964,0.8517578764756405,0.887459807073955,0.7815230961298377,0.6689959248685778,0.6690545707130857
