Model,Precision_macro,Precision_weighted,Precision_positive,Precision_negative,Recall_macro,Recall_weighted,Recall_positive,Recall_negative,F1_macro,F1_weighted,F1_positive,F1_negative,CohenKappa,MCC
gemma4-26b-q4,0.7890749601275917,0.79931965768213,0.6666666666666666,0.9114832535885168,0.7685040243741529,0.7549611734253667,0.9303201506591338,0.606687898089172,0.7526095217480189,0.7505908472993219,0.7767295597484277,0.7284894837476099,0.5210924973738045,0.5571993903085543
