Model,Precision_macro,Precision_weighted,Precision_positive,Precision_negative,Recall_macro,Recall_weighted,Recall_positive,Recall_negative,F1_macro,F1_weighted,F1_positive,F1_negative,CohenKappa,MCC
gemma4-26b-q4,0.8492742952607981,0.8603712138576759,0.8869908015768725,0.8115577889447236,0.8448655256723716,0.8610871440897325,0.9,0.7897310513447433,0.8469718552998785,0.8606460413150495,0.8934480476505625,0.8004956629491945,0.6939740778582664,0.6941258198308496
