Model,Precision_macro,Precision_weighted,Precision_positive,Precision_negative,Recall_macro,Recall_weighted,Recall_positive,Recall_negative,F1_macro,F1_weighted,F1_positive,F1_negative,CohenKappa,MCC
gemma4-26b-q4,0.6268972914990614,0.6621102736729193,0.8053097345132744,0.4484848484848485,0.5799180327868853,0.5148026315789473,0.25,0.9098360655737705,0.4911816353336,0.4695440815210681,0.38155136268343814,0.6008119079837618,0.13666294427971803,0.20140885683195686
