Model,Precision_macro,Precision_weighted,Precision_positive,Precision_negative,Recall_macro,Recall_weighted,Recall_positive,Recall_negative,F1_macro,F1_weighted,F1_positive,F1_negative,CohenKappa,MCC
gemma4-26b-q4,0.5925627961026191,0.5908811566997407,0.6194690265486725,0.5656565656565656,0.5562435500515996,0.5756578947368421,0.24561403508771928,0.8668730650154799,0.5181776854934821,0.5285788662137092,0.35175879396984927,0.684596577017115,0.11662743419644772,0.14430606716993802
