Model,Precision_macro,Precision_weighted,Precision_positive,Precision_negative,Recall_macro,Recall_weighted,Recall_positive,Recall_negative,F1_macro,F1_weighted,F1_positive,F1_negative,CohenKappa,MCC
gemma4-26b-q4,0.6295879145436668,0.7038593903638152,0.8672566371681416,0.39191919191919194,0.5869218500797448,0.48026315789473684,0.24561403508771928,0.9282296650717703,0.4669744318181818,0.440673828125,0.3828125,0.5511363636363636,0.13112218594260183,0.21226418708874453
