Model,Precision_macro,Precision_weighted,Precision_positive,Precision_negative,Recall_macro,Recall_weighted,Recall_positive,Recall_negative,F1_macro,F1_weighted,F1_positive,F1_negative,CohenKappa,MCC
gemma4-26b-q4,0.840588818377837,0.8528518251390456,0.8821954484605087,0.7989821882951654,0.8370242284512397,0.8535087719298246,0.8929539295392954,0.7810945273631841,0.8387395972301632,0.8531234891115725,0.8875420875420875,0.789937106918239,0.6775013212993455,0.6776036709844774
