Model,Precision_macro,Precision_weighted,Precision_positive,Precision_negative,Recall_macro,Recall_weighted,Recall_positive,Recall_negative,F1_macro,F1_weighted,F1_positive,F1_negative,CohenKappa,MCC
gemma4-26b-q4,0.8461285369598597,0.856989644543471,0.8829787234042553,0.8092783505154639,0.8404117623265785,0.8578947368421053,0.8997289972899729,0.7810945273631841,0.8431059383229972,0.8573031849013409,0.8912751677852349,0.7949367088607595,0.6862641170954458,0.6865164972759973
