Model,Precision_macro,Precision_weighted,Precision_positive,Precision_negative,Recall_macro,Recall_weighted,Recall_positive,Recall_negative,F1_macro,F1_weighted,F1_positive,F1_negative,CohenKappa,MCC
gemma4-26b-q4,0.8476603773584905,0.8588442933364752,0.884,0.8113207547169812,0.8401376211305045,0.8599464763603925,0.9045020463847203,0.7757731958762887,0.843641196627212,0.859180758803862,0.8941335131490222,0.7931488801054019,0.6873626637155094,0.6877568573734485
