Model,Precision_macro,Precision_weighted,Precision_positive,Precision_negative,Recall_macro,Recall_weighted,Recall_positive,Recall_negative,F1_macro,F1_weighted,F1_positive,F1_negative,CohenKappa,MCC
gemma4-26b-q4,0.8441425537902627,0.8568127354054946,0.8863049095607235,0.801980198019802,0.8409845623463206,0.8573853989813243,0.8955613577023499,0.7864077669902912,0.8425133689839572,0.8570567353349735,0.8909090909090909,0.7941176470588235,0.6850427785699735,0.6851198379522164
