Model,Precision_macro,Precision_weighted,Precision_positive,Precision_negative,Recall_macro,Recall_weighted,Recall_positive,Recall_negative,F1_macro,F1_weighted,F1_positive,F1_negative,CohenKappa,MCC
gemma4-26b-q4,0.8206078480552841,0.844553271032079,0.8972332015810277,0.7439824945295405,0.8333902939166098,0.8396381578947368,0.8533834586466166,0.8133971291866029,0.8259510046793284,0.8412035507844756,0.8747591522157996,0.7771428571428571,0.6522902039451688,0.6538732130776513
