Model,Precision_macro,Precision_weighted,Precision_positive,Precision_negative,Recall_macro,Recall_weighted,Recall_positive,Recall_negative,F1_macro,F1_weighted,F1_positive,F1_negative,CohenKappa,MCC
gemma4-26b-q4,0.8726543332670247,0.8738649014619301,0.8787878787878788,0.8665207877461707,0.8638421005224284,0.8741776315789473,0.9162087912087912,0.8114754098360656,0.8676017548916002,0.8734254095224612,0.8971082716879624,0.8380952380952381,0.7353844753430581,0.736443712403492
