Model,Precision_macro,Precision_weighted,Precision_positive,Precision_negative,Recall_macro,Recall_weighted,Recall_positive,Recall_negative,F1_macro,F1_weighted,F1_positive,F1_negative,CohenKappa,MCC
gemma4-26b-q4,0.8111088258147081,0.8375504193518899,0.8957219251336899,0.7264957264957265,0.8264980633401686,0.8305921052631579,0.8395989974937343,0.8133971291866029,0.8171236336982646,0.8326327827729901,0.8667529107373868,0.7674943566591422,0.6349136021267169,0.6374211452926113
