Model,Precision_macro,Precision_weighted,Precision_positive,Precision_negative,Recall_macro,Recall_weighted,Recall_positive,Recall_negative,F1_macro,F1_weighted,F1_positive,F1_negative,CohenKappa,MCC
gemma4-26b-q4,0.8615795968737145,0.8646241529368462,0.8770053475935828,0.8461538461538461,0.8562871554674834,0.8651315789473685,0.9010989010989011,0.8114754098360656,0.8586703858670386,0.8646345640950353,0.8888888888888888,0.8284518828451883,0.7174208760315589,0.7178472429290652
