Model,Precision_macro,Precision_weighted,Precision_positive,Precision_negative,Recall_macro,Recall_weighted,Recall_positive,Recall_negative,F1_macro,F1_weighted,F1_positive,F1_negative,CohenKappa,MCC
gemma4-26b-q4,0.8018742270002854,0.8085131053182381,0.6956521739130435,0.9080962800875274,0.7843653250773994,0.7754934210526315,0.9263157894736842,0.6424148606811145,0.7735377965695855,0.7722225093066518,0.7945823927765236,0.7524932003626473,0.557849984816277,0.5859780292585203
