Model,Precision_macro,Precision_weighted,Precision_positive,Precision_negative,Recall_macro,Recall_weighted,Recall_positive,Recall_negative,F1_macro,F1_weighted,F1_positive,F1_negative,CohenKappa,MCC
gemma4-26b-q4,0.788964303670186,0.795076043237808,0.6911764705882353,0.8867521367521367,0.7747162022703818,0.7664473684210527,0.9070175438596492,0.6424148606811145,0.7647924198298385,0.763559320879522,0.7845220030349014,0.7450628366247756,0.5395216862586136,0.563500403179905
