Model,Precision_macro,Precision_weighted,Precision_positive,Precision_negative,Recall_macro,Recall_weighted,Recall_positive,Recall_negative,F1_macro,F1_weighted,F1_positive,F1_negative,CohenKappa,MCC
gemma4-26b-q4,0.782083245722067,0.791411671770517,0.663923182441701,0.9002433090024331,0.7617653890824623,0.7491228070175439,0.9219047619047619,0.6016260162601627,0.7465886939571149,0.7445880783830922,0.7719298245614035,0.7212475633528265,0.5090572344942856,0.5434689708532795
