Model,Precision_macro,Precision_weighted,Precision_positive,Precision_negative,Recall_macro,Recall_weighted,Recall_positive,Recall_negative,F1_macro,F1_weighted,F1_positive,F1_negative,CohenKappa,MCC
gemma4-26b-q4,0.7676368454719913,0.7757945478243722,0.6643059490084986,0.8709677419354839,0.7539837398373983,0.7429824561403509,0.8933333333333333,0.6146341463414634,0.7413342481602145,0.739704152355684,0.7619821283509342,0.7206863679694948,0.49546855174913895,0.5214418737740966
