Model,Precision_macro,Precision_weighted,Precision_positive,Precision_negative,Recall_macro,Recall_weighted,Recall_positive,Recall_negative,F1_macro,F1_weighted,F1_positive,F1_negative,CohenKappa,MCC
gemma4-26b-q4,0.7814345991561181,0.7887035761469755,0.6666666666666666,0.8962025316455696,0.757932246724193,0.7475468331846565,0.9219047619047619,0.5939597315436241,0.7441054220195993,0.7422258820756064,0.7737809752198241,0.7144298688193743,0.5043627972521798,0.5388545572462397
