Model,Precision_macro,Precision_weighted,Precision_positive,Precision_negative,Recall_macro,Recall_weighted,Recall_positive,Recall_negative,F1_macro,F1_weighted,F1_positive,F1_negative,CohenKappa,MCC
gemma4-26b-q4,0.7575900354543759,0.7637445075985967,0.6695278969957081,0.8456521739130435,0.7478469686995033,0.7394305435720449,0.8682745825602969,0.6274193548387097,0.7382142643451206,0.7369671932390336,0.7560581583198708,0.7203703703703703,0.4862648975518111,0.5053430892158894
