Model,Precision_macro,Precision_weighted,Precision_positive,Precision_negative,Recall_macro,Recall_weighted,Recall_positive,Recall_negative,F1_macro,F1_weighted,F1_positive,F1_negative,CohenKappa,MCC
gemma4-26b-q4,0.8313362293126128,0.8387474911611775,0.870919881305638,0.7917525773195876,0.8342421493112131,0.8377911993097498,0.8531976744186046,0.8152866242038217,0.8326574874507708,0.8381452484034724,0.8619676945668135,0.803347280334728,0.6653653472249952,0.665572034959765
