Model,Precision_macro,Precision_weighted,Precision_positive,Precision_negative,Recall_macro,Recall_weighted,Recall_positive,Recall_negative,F1_macro,F1_weighted,F1_positive,F1_negative,CohenKappa,MCC
gemma4-26b-q4,0.8891472840756931,0.8842804172198846,0.86468200270636,0.9136125654450262,0.8640878539611836,0.8813559322033898,0.9508928571428571,0.77728285077951,0.872846237359717,0.8793898992567483,0.9057406094968108,0.8399518652226233,0.7466623620468467,0.7528181706997837
