Model,Precision_macro,Precision_weighted,Precision_positive,Precision_negative,Recall_macro,Recall_weighted,Recall_positive,Recall_negative,F1_macro,F1_weighted,F1_positive,F1_negative,CohenKappa,MCC
gemma4-26b-q4,0.8891357054815858,0.8841341763434851,0.8611859838274932,0.9170854271356784,0.8654036935286935,0.8807017543859649,0.9508928571428571,0.7799145299145299,0.8733875367081413,0.8788331586288568,0.9038189533239038,0.8429561200923787,0.7477843282708,0.7541660932894433
