Model,Precision_macro,Precision_weighted,Precision_positive,Precision_negative,Recall_macro,Recall_weighted,Recall_positive,Recall_negative,F1_macro,F1_weighted,F1_positive,F1_negative,CohenKappa,MCC
gemma4-26b-q4,0.8671637089152577,0.8668066785676782,0.8651685393258427,0.8691588785046729,0.8557692307692307,0.8666666666666667,0.9166666666666666,0.7948717948717948,0.8602652766308836,0.8656172584640793,0.8901734104046243,0.8303571428571429,0.720890675738364,0.7228431373047932
