Model,Precision_macro,Precision_weighted,Precision_positive,Precision_negative,Recall_macro,Recall_weighted,Recall_positive,Recall_negative,F1_macro,F1_weighted,F1_positive,F1_negative,CohenKappa,MCC
gemma4-26b-q4,0.7672198083892594,0.7734982503706729,0.6680911680911681,0.8663484486873508,0.7511968680089485,0.7421944692239072,0.8933333333333333,0.6090604026845637,0.7398685568148513,0.738310634352182,0.7644661776691116,0.7152709359605911,0.4925035285345264,0.5181690030765381
