Model,Precision_macro,Precision_weighted,Precision_positive,Precision_negative,Recall_macro,Recall_weighted,Recall_positive,Recall_negative,F1_macro,F1_weighted,F1_positive,F1_negative,CohenKappa,MCC
gemma4-26b-q4,0.6895435196784232,0.6926861157337802,0.649737302977233,0.7293497363796133,0.6907317073170731,0.6894736842105263,0.7066666666666667,0.6747967479674797,0.6890104063917932,0.6899580201119291,0.677007299270073,0.7010135135135135,0.3790333748788256,0.3802733707171876
