Model,Precision_macro,Precision_weighted,Precision_positive,Precision_negative,Recall_macro,Recall_weighted,Recall_positive,Recall_negative,F1_macro,F1_weighted,F1_positive,F1_negative,CohenKappa,MCC
gemma4-26b-q4,0.7584718670076727,0.7655261475299502,0.6691176470588235,0.8478260869565217,0.7504065040650407,0.7412280701754386,0.8666666666666667,0.6341463414634146,0.7403840586702692,0.7392154273554193,0.7551867219917012,0.7255813953488373,0.4902228285584357,0.5088144519038562
