Model,Precision_macro,Precision_weighted,Precision_positive,Precision_negative,Recall_macro,Recall_weighted,Recall_positive,Recall_negative,F1_macro,F1_weighted,F1_positive,F1_negative,CohenKappa,MCC
gemma4-26b-q4,0.7682562973832232,0.7763885134700287,0.6652482269503546,0.871264367816092,0.7547967479674796,0.743859649122807,0.8933333333333333,0.616260162601626,0.742253193960511,0.7406467387982151,0.7626016260162601,0.7219047619047619,0.49712213913437564,0.5228798416272802
