Model,Precision_macro,Precision_weighted,Precision_positive,Precision_negative,Recall_macro,Recall_weighted,Recall_positive,Recall_negative,F1_macro,F1_weighted,F1_positive,F1_negative,CohenKappa,MCC
gemma4-26b-q4,0.893922305764411,0.887957707037222,0.8605263157894737,0.9273182957393483,0.8674255939564699,0.8835202761000863,0.9575402635431918,0.7773109243697479,0.8760795960795962,0.8815029086297421,0.9064449064449065,0.8457142857142858,0.7533175568403079,0.7608866858296073
