Model,Precision_macro,Precision_weighted,Precision_positive,Precision_negative,Recall_macro,Recall_weighted,Recall_positive,Recall_negative,F1_macro,F1_weighted,F1_positive,F1_negative,CohenKappa,MCC
gemma4-26b-q4,0.8830360279480074,0.8790936582773092,0.8609625668449198,0.9051094890510949,0.8622057900759132,0.8766177739430544,0.9428989751098097,0.7815126050420168,0.8694261469143943,0.8748991866016466,0.9000698812019566,0.8387824126268321,0.7397186699562317,0.7449506483800054
