Model,Precision_macro,Precision_weighted,Precision_positive,Precision_negative,Recall_macro,Recall_weighted,Recall_positive,Recall_negative,F1_macro,F1_weighted,F1_positive,F1_negative,CohenKappa,MCC
gemma4-26b-q4,0.7881892230576442,0.7992040606261124,0.656578947368421,0.9197994987468672,0.7620656254873032,0.7471958584987057,0.9397363465160076,0.5843949044585988,0.7438735851603906,0.7414322176314773,0.7730441518202944,0.7147030185004869,0.5072371867332028,0.5496343839291767
