Model,Precision_macro,Precision_weighted,Precision_positive,Precision_negative,Recall_macro,Recall_weighted,Recall_positive,Recall_negative,F1_macro,F1_weighted,F1_positive,F1_negative,CohenKappa,MCC
gemma4-26b-q4,0.7872058644560416,0.7952643098739369,0.6599732262382865,0.9144385026737968,0.7564365612016619,0.7448706512042819,0.939047619047619,0.5738255033557047,0.7401559359398302,0.737939083067141,0.7751572327044025,0.7051546391752578,0.5002727717664076,0.5427709802045718
