Model,Precision_macro,Precision_weighted,Precision_positive,Precision_negative,Recall_macro,Recall_weighted,Recall_positive,Recall_negative,F1_macro,F1_weighted,F1_positive,F1_negative,CohenKappa,MCC
gemma4-26b-q4,0.8501922127010717,0.8616895417780018,0.8875502008032129,0.8128342245989305,0.8440036005119478,0.8626226583407671,0.9045020463847203,0.7835051546391752,0.8469231042065688,0.862010419460882,0.8959459459459459,0.7979002624671916,0.6938994074236938,0.6941682275656659
