Model,Precision_macro,Precision_weighted,Precision_positive,Precision_negative,Recall_macro,Recall_weighted,Recall_positive,Recall_negative,F1_macro,F1_weighted,F1_positive,F1_negative,CohenKappa,MCC
gemma4-26b-q4,0.8500939849624061,0.8612931163110537,0.8881578947368421,0.8120300751879699,0.8460880195599022,0.8619499568593615,0.9,0.7921760391198044,0.84800996655957,0.8615528061385698,0.8940397350993378,0.801980198019802,0.6960448458424167,0.6961704788784807
