Model,Precision_macro,Precision_weighted,Precision_positive,Precision_negative,Recall_macro,Recall_weighted,Recall_positive,Recall_negative,F1_macro,F1_weighted,F1_positive,F1_negative,CohenKappa,MCC
gemma4-26b-q4,0.8916181660689102,0.8854828359026607,0.8607764390896921,0.9224598930481284,0.8626097014529643,0.8813559322033898,0.9568452380952381,0.7683741648106904,0.8723340671686203,0.8790853285872565,0.9062720225510923,0.8383961117861483,0.7458920697900742,0.753669811739345
