Model,Precision_macro,Precision_weighted,Precision_positive,Precision_negative,Recall_macro,Recall_weighted,Recall_positive,Recall_negative,F1_macro,F1_weighted,F1_positive,F1_negative,CohenKappa,MCC
gemma4-26b-q4,0.781431749873141,0.7917826909432545,0.6577540106951871,0.9051094890510949,0.7594551801072367,0.7454702329594478,0.9265536723163842,0.5923566878980892,0.7427121013845484,0.740482611694838,0.7693510555121188,0.7160731472569779,0.5030342231298648,0.5404402847724458
